{
  "data": {
    "BASE": [
      {
        "id": 340150,
        "name": "B_IF_CUST_ACCT_CARD_PS",
        "description": null,
        "status": "DONE",
        "storage": "BASE",
        "frequency": 201712140000
      }
    ],
    "RAW": [
      {
        "id": 223,
        "name": "FS_DPS_RDS_KDSD_KEHUZH",
        "description": null,
        "status": "DONE",
        "storage": "RAW",
        "frequency": 201712140000
      },
      {
        "id": 228,
        "name": "FS_DPS_RDS_KDSH_KEHUZH",
        "description": null,
        "status": "DONE",
        "storage": "RAW",
        "frequency": 201712140000
      },
      {
        "id": 484,
        "name": "FS_S37_BADM_CARD_INF",
        "description": null,
        "status": "DONE",
        "storage": "RAW",
        "frequency": 201712140000
      },
      {
        "id": 494,
        "name": "FS_S37_ODSCARDM",
        "description": null,
        "status": "DONE",
        "storage": "RAW",
        "frequency": 201712140000
      },
      {
        "id": 571,
        "name": "FS_VP_AMED",
        "description": null,
        "status": "DONE",
        "storage": "RAW",
        "frequency": 201712140000
      }
    ],
    "MID": [
      {
        "id": 2258,
        "name": "FS_DPS_RDS_KDSD_KEHUZH",
        "description": null,
        "status": "DONE",
        "storage": "MID",
        "frequency": 201712140000
      },
      {
        "id": 3460,
        "name": "FS_VP_AMED_CUR",
        "description": null,
        "status": "DONE",
        "storage": "MID",
        "frequency": 201712140000
      },
      {
        "id": 3479,
        "name": "FS_S37_BADM_CARD_INF_CUR",
        "description": null,
        "status": "DONE",
        "storage": "MID",
        "frequency": 201712140000
      },
      {
        "id": 3480,
        "name": "FS_S37_ODSCARDM_CUR",
        "description": null,
        "status": "DONE",
        "storage": "MID",
        "frequency": 201712140000
      },
      {
        "id": 3528,
        "name": "FS_DPS_RDS_KDSH_KEHUZH_CUR",
        "description": null,
        "status": "DONE",
        "storage": "MID",
        "frequency": 201712140000
      }
    ]
  },
  "err": 0,
  "msg": null
}
