{
    "data": {
      "id": 350346,
      "rootJobId": null,
      "name": "6368_WORK_FLOW_SUB_1",
      "levels": 5,
      "description": "6368_WORK_FLOW_SUB_1",
      "category": "ZHANGRONGGANG_GROUP",
      "createdTime": 1510559482217,
      "createdBy": "AUTO",
      "updatedTime": 1510559483517,
      "updatedBy": "AUTO",
      "vertexNodes": [{
        "id": 217555213,
        "levels": 5,
        "orders": 1,
        "workflow": "6368_WORK_FLOW_SUB_1",
        "dataId": 6368,
        "dataType": "JOB",
        "createdTime": 1510559483565,
        "createdBy": "AUTO",
        "updatedTime": 1510559483565,
        "updatedBy": null,
        "data": {
          "id": 6368,
          "name": "T_IF_P_CUST_INFO_BPH",
          "description": null,
          "status": "DONE"
        },
        "edges": []
      }, {
        "id": 217555214,
        "levels": 4,
        "orders": 12,
        "workflow": "6368_WORK_FLOW_SUB_1",
        "dataId": 350347,
        "dataType": "WORKFLOW",
        "createdTime": 1510559483565,
        "createdBy": "AUTO",
        "updatedTime": 1510559483565,
        "updatedBy": null,
        "data": {
          "id": null,
          "name": null,
          "description": null,
          "status": "RUNNING"
        },
        "edges": []
      }, {
        "id": 217555215,
        "levels": 4,
        "orders": 1,
        "workflow": "6368_WORK_FLOW_SUB_1",
        "dataId": 5820,
        "dataType": "JOB",
        "createdTime": 1510559483565,
        "createdBy": "AUTO",
        "updatedTime": 1510559483565,
        "updatedBy": null,
        "data": {
          "id": 5820,
          "name": "F_CUST_PROD_FLAG",
          "description": null,
          "status": "DONE"
        },
        "edges": []
      }, {
        "id": 217555216,
        "levels": 3,
        "orders": 1,
        "workflow": "6368_WORK_FLOW_SUB_1",
        "dataId": 350351,
        "dataType": "WORKFLOW",
        "createdTime": 1510559483566,
        "createdBy": "AUTO",
        "updatedTime": 1510559483566,
        "updatedBy": null,
        "data": {
          "id": null,
          "name": null,
          "description": null,
          "status": "RUNNING"
        },
        "edges": []
      }, {
        "id": 217555217,
        "levels": 3,
        "orders": 2,
        "workflow": "6368_WORK_FLOW_SUB_1",
        "dataId": 350359,
        "dataType": "WORKFLOW",
        "createdTime": 1510559483566,
        "createdBy": "AUTO",
        "updatedTime": 1510559483566,
        "updatedBy": null,
        "data": {
          "id": null,
          "name": null,
          "description": null,
          "status": "RUNNING"
        },
        "edges": []
      }, {
        "id": 217555218,
        "levels": 4,
        "orders": 11,
        "workflow": "6368_WORK_FLOW_SUB_1",
        "dataId": 340153,
        "dataType": "JOB",
        "createdTime": 1510559483566,
        "createdBy": "AUTO",
        "updatedTime": 1510559483566,
        "updatedBy": null,
        "data": {
          "id": 340153,
          "name": "T_IF_CUST_ATTR_FLAG",
          "description": null,
          "status": "DONE"
        },
        "edges": []
      }, {
        "id": 217555219,
        "levels": 4,
        "orders": 7,
        "workflow": "6368_WORK_FLOW_SUB_1",
        "dataId": 6387,
        "dataType": "JOB",
        "createdTime": 1510559483566,
        "createdBy": "AUTO",
        "updatedTime": 1510559483566,
        "updatedBy": null,
        "data": {
          "id": 6387,
          "name": "F_CUST_BAL_SUM",
          "description": null,
          "status": "DONE"
        },
        "edges": []
      }, {
        "id": 217555220,
        "levels": 4,
        "orders": 5,
        "workflow": "6368_WORK_FLOW_SUB_1",
        "dataId": 6024,
        "dataType": "JOB",
        "createdTime": 1510559483566,
        "createdBy": "AUTO",
        "updatedTime": 1510559483566,
        "updatedBy": null,
        "data": {
          "id": 6024,
          "name": "F_CUST_PRD_TRADE_VALUE",
          "description": null,
          "status": "DONE"
        },
        "edges": []
      }, {
        "id": 217555221,
        "levels": 3,
        "orders": 16,
        "workflow": "6368_WORK_FLOW_SUB_1",
        "dataId": 3515,
        "dataType": "JOB",
        "createdTime": 1510559483566,
        "createdBy": "AUTO",
        "updatedTime": 1510559483566,
        "updatedBy": null,
        "data": {
          "id": 3515,
          "name": "S04_LOAN_BALANCE",
          "description": null,
          "status": "DONE"
        },
        "edges": []
      }, {
        "id": 217555222,
        "levels": 3,
        "orders": 18,
        "workflow": "6368_WORK_FLOW_SUB_1",
        "dataId": 5482,
        "dataType": "JOB",
        "createdTime": 1510559483566,
        "createdBy": "AUTO",
        "updatedTime": 1510559483566,
        "updatedBy": null,
        "data": {
          "id": 5482,
          "name": "S05_PERSON_BASE_INFO_CUR",
          "description": null,
          "status": "DONE"
        },
        "edges": []
      }, {
        "id": 217555223,
        "levels": 3,
        "orders": 21,
        "workflow": "6368_WORK_FLOW_SUB_1",
        "dataId": 342503,
        "dataType": "JOB",
        "createdTime": 1510559483566,
        "createdBy": "AUTO",
        "updatedTime": 1510559483566,
        "updatedBy": null,
        "data": {
          "id": 342503,
          "name": "V_RPSM_TRADE_INFO_ALL_YEAR",
          "description": null,
          "status": "DONE"
        },
        "edges": []
      }, {
        "id": 217555224,
        "levels": 2,
        "orders": 2,
        "workflow": "6368_WORK_FLOW_SUB_1",
        "dataId": 336223,
        "dataType": "JOB",
        "createdTime": 1510559483566,
        "createdBy": "AUTO",
        "updatedTime": 1510559483566,
        "updatedBy": null,
        "data": {
          "id": 336223,
          "name": "V_RPSM_TRADE_INFO_ALL",
          "description": null,
          "status": "DONE"
        },
        "edges": []
      }, {
        "id": 217555225,
        "levels": 1,
        "orders": 1,
        "workflow": "6368_WORK_FLOW_SUB_1",
        "dataId": 350360,
        "dataType": "WORKFLOW",
        "createdTime": 1510559483566,
        "createdBy": "AUTO",
        "updatedTime": 1510559483566,
        "updatedBy": null,
        "data": {
          "id": null,
          "name": null,
          "description": null,
          "status": "RUNNING"
        },
        "edges": []
      }, {
        "id": 217555226,
        "levels": 3,
        "orders": 17,
        "workflow": "6368_WORK_FLOW_SUB_1",
        "dataId": 3531,
        "dataType": "JOB",
        "createdTime": 1510559483566,
        "createdBy": "AUTO",
        "updatedTime": 1510559483566,
        "updatedBy": null,
        "data": {
          "id": 3531,
          "name": "SBFP_LOAN_BALANCE",
          "description": null,
          "status": "DONE"
        },
        "edges": []
      }, {
        "id": 217555227,
        "levels": 3,
        "orders": 19,
        "workflow": "6368_WORK_FLOW_SUB_1",
        "dataId": 5901,
        "dataType": "JOB",
        "createdTime": 1510559483566,
        "createdBy": "AUTO",
        "updatedTime": 1510559483566,
        "updatedBy": null,
        "data": {
          "id": 5901,
          "name": "B_IF_PROD_DIM",
          "description": null,
          "status": "DONE"
        },
        "edges": []
      }, {
        "id": 217555228,
        "levels": 3,
        "orders": 20,
        "workflow": "6368_WORK_FLOW_SUB_1",
        "dataId": 335485,
        "dataType": "JOB",
        "createdTime": 1510559483566,
        "createdBy": "AUTO",
        "updatedTime": 1510559483566,
        "updatedBy": null,
        "data": {
          "id": 335485,
          "name": "F_CARD_INFO_OPEN",
          "description": null,
          "status": "DONE"
        },
        "edges": []
      }, {
        "id": 217555229,
        "levels": 4,
        "orders": 13,
        "workflow": "6368_WORK_FLOW_SUB_1",
        "dataId": 350361,
        "dataType": "WORKFLOW",
        "createdTime": 1510559483566,
        "createdBy": "AUTO",
        "updatedTime": 1510559483566,
        "updatedBy": null,
        "data": {
          "id": null,
          "name": null,
          "description": null,
          "status": "RUNNING"
        },
        "edges": []
      }, {
        "id": 217555230,
        "levels": 4,
        "orders": 6,
        "workflow": "6368_WORK_FLOW_SUB_1",
        "dataId": 6353,
        "dataType": "JOB",
        "createdTime": 1510559483567,
        "createdBy": "AUTO",
        "updatedTime": 1510559483567,
        "updatedBy": null,
        "data": {
          "id": 6353,
          "name": "F_CUST_ASSET_LEVEL_M",
          "description": null,
          "status": "DONE"
        },
        "edges": []
      }, {
        "id": 217555231,
        "levels": 4,
        "orders": 3,
        "workflow": "6368_WORK_FLOW_SUB_1",
        "dataId": 5986,
        "dataType": "JOB",
        "createdTime": 1510559483567,
        "createdBy": "AUTO",
        "updatedTime": 1510559483567,
        "updatedBy": null,
        "data": {
          "id": 5986,
          "name": "T_IF_P_CUST_ATTRIBUTE",
          "description": null,
          "status": "DONE"
        },
        "edges": []
      }, {
        "id": 217555232,
        "levels": 4,
        "orders": 4,
        "workflow": "6368_WORK_FLOW_SUB_1",
        "dataId": 6005,
        "dataType": "JOB",
        "createdTime": 1510559483567,
        "createdBy": "AUTO",
        "updatedTime": 1510559483567,
        "updatedBy": null,
        "data": {
          "id": 6005,
          "name": "F_CUST_LEVEL",
          "description": null,
          "status": "DONE"
        },
        "edges": []
      }, {
        "id": 217555233,
        "levels": 4,
        "orders": 9,
        "workflow": "6368_WORK_FLOW_SUB_1",
        "dataId": 8069,
        "dataType": "JOB",
        "createdTime": 1510559483567,
        "createdBy": "AUTO",
        "updatedTime": 1510559483567,
        "updatedBy": null,
        "data": {
          "id": 8069,
          "name": "F_CUST_YH_ASSET_LEVEL_M",
          "description": null,
          "status": "DONE"
        },
        "edges": []
      }, {
        "id": 217555234,
        "levels": 4,
        "orders": 10,
        "workflow": "6368_WORK_FLOW_SUB_1",
        "dataId": 338544,
        "dataType": "JOB",
        "createdTime": 1510559483567,
        "createdBy": "AUTO",
        "updatedTime": 1510559483567,
        "updatedBy": null,
        "data": {
          "id": 338544,
          "name": "F_CUST_BAL_SUM_HIS",
          "description": null,
          "status": "DONE"
        },
        "edges": []
      }, {
        "id": 217555235,
        "levels": 3,
        "orders": 11,
        "workflow": "6368_WORK_FLOW_SUB_1",
        "dataId": 3527,
        "dataType": "JOB",
        "createdTime": 1510559483567,
        "createdBy": "AUTO",
        "updatedTime": 1510559483567,
        "updatedBy": null,
        "data": {
          "id": 3527,
          "name": "FS_DPS_DCPS_KCIB_DSKHXX_CUR",
          "description": null,
          "status": "DONE"
        },
        "edges": []
      }, {
        "id": 217555236,
        "levels": 3,
        "orders": 8,
        "workflow": "6368_WORK_FLOW_SUB_1",
        "dataId": 3471,
        "dataType": "JOB",
        "createdTime": 1510559483567,
        "createdBy": "AUTO",
        "updatedTime": 1510559483567,
        "updatedBy": null,
        "data": {
          "id": 3471,
          "name": "FS_S05_PERSON_BASE_INFO_CUR",
          "description": null,
          "status": "DONE"
        },
        "edges": []
      }, {
        "id": 217555237,
        "levels": 4,
        "orders": 2,
        "workflow": "6368_WORK_FLOW_SUB_1",
        "dataId": 5868,
        "dataType": "JOB",
        "createdTime": 1510559483567,
        "createdBy": "AUTO",
        "updatedTime": 1510559483567,
        "updatedBy": null,
        "data": {
          "id": 5868,
          "name": "B_IF_CUST_CARD_LEVEL_INFO",
          "description": null,
          "status": "DONE"
        },
        "edges": []
      }, {
        "id": 217555238,
        "levels": 3,
        "orders": 9,
        "workflow": "6368_WORK_FLOW_SUB_1",
        "dataId": 3484,
        "dataType": "JOB",
        "createdTime": 1510559483567,
        "createdBy": "AUTO",
        "updatedTime": 1510559483567,
        "updatedBy": null,
        "data": {
          "id": 3484,
          "name": "FS_S56_INCREA_TOA_GVIP_CUR",
          "description": null,
          "status": "DONE"
        },
        "edges": []
      }, {
        "id": 217555239,
        "levels": 2,
        "orders": 1,
        "workflow": "6368_WORK_FLOW_SUB_1",
        "dataId": 1863,
        "dataType": "JOB",
        "createdTime": 1510559483568,
        "createdBy": "AUTO",
        "updatedTime": 1510559483568,
        "updatedBy": null,
        "data": {
          "id": 1863,
          "name": "FS_S56_BANK_INCREA_TOA_GVIP_INFO",
          "description": null,
          "status": "DONE"
        },
        "edges": []
      }, {
        "id": 217555240,
        "levels": 3,
        "orders": 4,
        "workflow": "6368_WORK_FLOW_SUB_1",
        "dataId": 1993,
        "dataType": "JOB",
        "createdTime": 1510559483568,
        "createdBy": "AUTO",
        "updatedTime": 1510559483568,
        "updatedBy": null,
        "data": {
          "id": 1993,
          "name": "FS_S04_LOAN_BALANCE",
          "description": null,
          "status": "DONE"
        },
        "edges": []
      }, {
        "id": 217555241,
        "levels": 3,
        "orders": 5,
        "workflow": "6368_WORK_FLOW_SUB_1",
        "dataId": 2221,
        "dataType": "JOB",
        "createdTime": 1510559483568,
        "createdBy": "AUTO",
        "updatedTime": 1510559483568,
        "updatedBy": null,
        "data": {
          "id": 2221,
          "name": "FS_CF_LOAN_BALANCE",
          "description": null,
          "status": "DONE"
        },
        "edges": []
      }, {
        "id": 217555242,
        "levels": 3,
        "orders": 14,
        "workflow": "6368_WORK_FLOW_SUB_1",
        "dataId": 344950,
        "dataType": "JOB",
        "createdTime": 1510559483568,
        "createdBy": "AUTO",
        "updatedTime": 1510559483568,
        "updatedBy": null,
        "data": {
          "id": 344950,
          "name": "F_CUST_ATTR_FLAG_E",
          "description": null,
          "status": "DONE"
        },
        "edges": []
      }, {
        "id": 217555243,
        "levels": 3,
        "orders": 13,
        "workflow": "6368_WORK_FLOW_SUB_1",
        "dataId": 6012,
        "dataType": "JOB",
        "createdTime": 1510559483568,
        "createdBy": "AUTO",
        "updatedTime": 1510559483568,
        "updatedBy": null,
        "data": {
          "id": 6012,
          "name": "DPS_DCPS_KCIB_DSKHXX_CUR",
          "description": null,
          "status": "DONE"
        },
        "edges": []
      }, {
        "id": 217555244,
        "levels": 3,
        "orders": 10,
        "workflow": "6368_WORK_FLOW_SUB_1",
        "dataId": 3486,
        "dataType": "JOB",
        "createdTime": 1510559483568,
        "createdBy": "AUTO",
        "updatedTime": 1510559483568,
        "updatedBy": null,
        "data": {
          "id": 3486,
          "name": "FS_SBFP_LOAN_BALANCE_CUR",
          "description": null,
          "status": "DONE"
        },
        "edges": []
      }, {
        "id": 217555245,
        "levels": 3,
        "orders": 12,
        "workflow": "6368_WORK_FLOW_SUB_1",
        "dataId": 5536,
        "dataType": "JOB",
        "createdTime": 1510559483568,
        "createdBy": "AUTO",
        "updatedTime": 1510559483568,
        "updatedBy": null,
        "data": {
          "id": 5536,
          "name": "B_IF_CUST_INFO_MAP",
          "description": null,
          "status": "DONE"
        },
        "edges": []
      }, {
        "id": 217555246,
        "levels": 3,
        "orders": 3,
        "workflow": "6368_WORK_FLOW_SUB_1",
        "dataId": 1985,
        "dataType": "JOB",
        "createdTime": 1510559483568,
        "createdBy": "AUTO",
        "updatedTime": 1510559483568,
        "updatedBy": null,
        "data": {
          "id": 1985,
          "name": "FS_S04_CUSTOMER_INFO",
          "description": null,
          "status": "DONE"
        },
        "edges": []
      }, {
        "id": 217555247,
        "levels": 3,
        "orders": 6,
        "workflow": "6368_WORK_FLOW_SUB_1",
        "dataId": 2314,
        "dataType": "JOB",
        "createdTime": 1510559483568,
        "createdBy": "AUTO",
        "updatedTime": 1510559483568,
        "updatedBy": null,
        "data": {
          "id": 2314,
          "name": "FS_CF_CUSTOMER_INFO",
          "description": null,
          "status": "DONE"
        },
        "edges": []
      }, {
        "id": 217555248,
        "levels": 3,
        "orders": 7,
        "workflow": "6368_WORK_FLOW_SUB_1",
        "dataId": 2639,
        "dataType": "JOB",
        "createdTime": 1510559483568,
        "createdBy": "AUTO",
        "updatedTime": 1510559483568,
        "updatedBy": null,
        "data": {
          "id": 2639,
          "name": "FS_SBFP_CUSTOMER_INFO",
          "description": null,
          "status": "DONE"
        },
        "edges": []
      }, {
        "id": 217555249,
        "levels": 3,
        "orders": 15,
        "workflow": "6368_WORK_FLOW_SUB_1",
        "dataId": 345272,
        "dataType": "JOB",
        "createdTime": 1510559483568,
        "createdBy": "AUTO",
        "updatedTime": 1510559483568,
        "updatedBy": null,
        "data": {
          "id": 345272,
          "name": "F_CARD_INFO_ALL_A",
          "description": null,
          "status": "DONE"
        },
        "edges": []
      }, {
        "id": 217555250,
        "levels": 3,
        "orders": 22,
        "workflow": "6368_WORK_FLOW_SUB_1",
        "dataId": 5902,
        "dataType": "JOB",
        "createdTime": 1510559483568,
        "createdBy": "AUTO",
        "updatedTime": 1510559483568,
        "updatedBy": null,
        "data": {
          "id": 5902,
          "name": "F_AGT_INFO_ALL",
          "description": null,
          "status": "DONE"
        },
        "edges": []
      }, {
        "id": 217555251,
        "levels": 3,
        "orders": 23,
        "workflow": "6368_WORK_FLOW_SUB_1",
        "dataId": 350365,
        "dataType": "WORKFLOW",
        "createdTime": 1510559483568,
        "createdBy": "AUTO",
        "updatedTime": 1510559483568,
        "updatedBy": null,
        "data": {
          "id": null,
          "name": null,
          "description": null,
          "status": "RUNNING"
        },
        "edges": []
      }, {
        "id": 217555252,
        "levels": 4,
        "orders": 8,
        "workflow": "6368_WORK_FLOW_SUB_1",
        "dataId": 7965,
        "dataType": "JOB",
        "createdTime": 1510559483569,
        "createdBy": "AUTO",
        "updatedTime": 1510559483569,
        "updatedBy": null,
        "data": {
          "id": 7965,
          "name": "F_ORANGE_TRADE_SUM",
          "description": null,
          "status": "DONE"
        },
        "edges": []
      }],
      "edgeNodes": [{
        "id": 217555253,
        "sourceVexId": 350347,
        "targetVexId": 6368,
        "weight": null,
        "workflow": "6368_WORK_FLOW_SUB_1",
        "createdTime": 1510559483635,
        "createdBy": null,
        "updatedTime": 1510559483635,
        "updatedBy": null
      }, {
        "id": 217555254,
        "sourceVexId": 5820,
        "targetVexId": 6368,
        "weight": null,
        "workflow": "6368_WORK_FLOW_SUB_1",
        "createdTime": 1510559483636,
        "createdBy": null,
        "updatedTime": 1510559483636,
        "updatedBy": null
      }, {
        "id": 217555255,
        "sourceVexId": 350351,
        "targetVexId": 5820,
        "weight": null,
        "workflow": "6368_WORK_FLOW_SUB_1",
        "createdTime": 1510559483636,
        "createdBy": null,
        "updatedTime": 1510559483636,
        "updatedBy": null
      }, {
        "id": 217555256,
        "sourceVexId": 350359,
        "targetVexId": 5820,
        "weight": null,
        "workflow": "6368_WORK_FLOW_SUB_1",
        "createdTime": 1510559483636,
        "createdBy": null,
        "updatedTime": 1510559483636,
        "updatedBy": null
      }, {
        "id": 217555257,
        "sourceVexId": 340153,
        "targetVexId": 6368,
        "weight": null,
        "workflow": "6368_WORK_FLOW_SUB_1",
        "createdTime": 1510559483636,
        "createdBy": null,
        "updatedTime": 1510559483636,
        "updatedBy": null
      }, {
        "id": 217555258,
        "sourceVexId": 6387,
        "targetVexId": 6368,
        "weight": null,
        "workflow": "6368_WORK_FLOW_SUB_1",
        "createdTime": 1510559483636,
        "createdBy": null,
        "updatedTime": 1510559483636,
        "updatedBy": null
      }, {
        "id": 217555259,
        "sourceVexId": 6024,
        "targetVexId": 6368,
        "weight": null,
        "workflow": "6368_WORK_FLOW_SUB_1",
        "createdTime": 1510559483637,
        "createdBy": null,
        "updatedTime": 1510559483637,
        "updatedBy": null
      }, {
        "id": 217555260,
        "sourceVexId": 3515,
        "targetVexId": 6024,
        "weight": null,
        "workflow": "6368_WORK_FLOW_SUB_1",
        "createdTime": 1510559483637,
        "createdBy": null,
        "updatedTime": 1510559483637,
        "updatedBy": null
      }, {
        "id": 217555261,
        "sourceVexId": 5482,
        "targetVexId": 6024,
        "weight": null,
        "workflow": "6368_WORK_FLOW_SUB_1",
        "createdTime": 1510559483637,
        "createdBy": null,
        "updatedTime": 1510559483637,
        "updatedBy": null
      }, {
        "id": 217555262,
        "sourceVexId": 342503,
        "targetVexId": 6024,
        "weight": null,
        "workflow": "6368_WORK_FLOW_SUB_1",
        "createdTime": 1510559483637,
        "createdBy": null,
        "updatedTime": 1510559483637,
        "updatedBy": null
      }, {
        "id": 217555263,
        "sourceVexId": 336223,
        "targetVexId": 342503,
        "weight": null,
        "workflow": "6368_WORK_FLOW_SUB_1",
        "createdTime": 1510559483637,
        "createdBy": null,
        "updatedTime": 1510559483637,
        "updatedBy": null
      }, {
        "id": 217555264,
        "sourceVexId": 350360,
        "targetVexId": 336223,
        "weight": null,
        "workflow": "6368_WORK_FLOW_SUB_1",
        "createdTime": 1510559483637,
        "createdBy": null,
        "updatedTime": 1510559483637,
        "updatedBy": null
      }, {
        "id": 217555265,
        "sourceVexId": 3531,
        "targetVexId": 6024,
        "weight": null,
        "workflow": "6368_WORK_FLOW_SUB_1",
        "createdTime": 1510559483637,
        "createdBy": null,
        "updatedTime": 1510559483637,
        "updatedBy": null
      }, {
        "id": 217555266,
        "sourceVexId": 5901,
        "targetVexId": 6024,
        "weight": null,
        "workflow": "6368_WORK_FLOW_SUB_1",
        "createdTime": 1510559483637,
        "createdBy": null,
        "updatedTime": 1510559483637,
        "updatedBy": null
      }, {
        "id": 217555267,
        "sourceVexId": 335485,
        "targetVexId": 6024,
        "weight": null,
        "workflow": "6368_WORK_FLOW_SUB_1",
        "createdTime": 1510559483637,
        "createdBy": null,
        "updatedTime": 1510559483637,
        "updatedBy": null
      }, {
        "id": 217555268,
        "sourceVexId": 6368,
        "targetVexId": 6368,
        "weight": null,
        "workflow": "6368_WORK_FLOW_SUB_1",
        "createdTime": 1510559483637,
        "createdBy": null,
        "updatedTime": 1510559483637,
        "updatedBy": null
      }, {
        "id": 217555269,
        "sourceVexId": 350361,
        "targetVexId": 6368,
        "weight": null,
        "workflow": "6368_WORK_FLOW_SUB_1",
        "createdTime": 1510559483637,
        "createdBy": null,
        "updatedTime": 1510559483637,
        "updatedBy": null
      }, {
        "id": 217555270,
        "sourceVexId": 6387,
        "targetVexId": 6368,
        "weight": null,
        "workflow": "6368_WORK_FLOW_SUB_1",
        "createdTime": 1510559483637,
        "createdBy": null,
        "updatedTime": 1510559483637,
        "updatedBy": null
      }, {
        "id": 217555271,
        "sourceVexId": 6353,
        "targetVexId": 6368,
        "weight": null,
        "workflow": "6368_WORK_FLOW_SUB_1",
        "createdTime": 1510559483638,
        "createdBy": null,
        "updatedTime": 1510559483638,
        "updatedBy": null
      }, {
        "id": 217555272,
        "sourceVexId": 5986,
        "targetVexId": 6368,
        "weight": null,
        "workflow": "6368_WORK_FLOW_SUB_1",
        "createdTime": 1510559483638,
        "createdBy": null,
        "updatedTime": 1510559483638,
        "updatedBy": null
      }, {
        "id": 217555273,
        "sourceVexId": 6368,
        "targetVexId": 6368,
        "weight": null,
        "workflow": "6368_WORK_FLOW_SUB_1",
        "createdTime": 1510559483638,
        "createdBy": null,
        "updatedTime": 1510559483638,
        "updatedBy": null
      }, {
        "id": 217555274,
        "sourceVexId": 6005,
        "targetVexId": 6368,
        "weight": null,
        "workflow": "6368_WORK_FLOW_SUB_1",
        "createdTime": 1510559483638,
        "createdBy": null,
        "updatedTime": 1510559483638,
        "updatedBy": null
      }, {
        "id": 217555275,
        "sourceVexId": 5820,
        "targetVexId": 6368,
        "weight": null,
        "workflow": "6368_WORK_FLOW_SUB_1",
        "createdTime": 1510559483638,
        "createdBy": null,
        "updatedTime": 1510559483638,
        "updatedBy": null
      }, {
        "id": 217555276,
        "sourceVexId": 350362,
        "targetVexId": 6368,
        "weight": null,
        "workflow": "6368_WORK_FLOW_SUB_1",
        "createdTime": 1510559483638,
        "createdBy": null,
        "updatedTime": 1510559483638,
        "updatedBy": null
      }, {
        "id": 217555277,
        "sourceVexId": 8069,
        "targetVexId": 6368,
        "weight": null,
        "workflow": "6368_WORK_FLOW_SUB_1",
        "createdTime": 1510559483638,
        "createdBy": null,
        "updatedTime": 1510559483638,
        "updatedBy": null
      }, {
        "id": 217555278,
        "sourceVexId": 6387,
        "targetVexId": 8069,
        "weight": null,
        "workflow": "6368_WORK_FLOW_SUB_1",
        "createdTime": 1510559483638,
        "createdBy": null,
        "updatedTime": 1510559483638,
        "updatedBy": null
      }, {
        "id": 217555279,
        "sourceVexId": 8069,
        "targetVexId": 8069,
        "weight": null,
        "workflow": "6368_WORK_FLOW_SUB_1",
        "createdTime": 1510559483639,
        "createdBy": null,
        "updatedTime": 1510559483639,
        "updatedBy": null
      }, {
        "id": 217555280,
        "sourceVexId": 338544,
        "targetVexId": 6368,
        "weight": null,
        "workflow": "6368_WORK_FLOW_SUB_1",
        "createdTime": 1510559483639,
        "createdBy": null,
        "updatedTime": 1510559483639,
        "updatedBy": null
      }, {
        "id": 217555281,
        "sourceVexId": 6387,
        "targetVexId": 338544,
        "weight": null,
        "workflow": "6368_WORK_FLOW_SUB_1",
        "createdTime": 1510559483639,
        "createdBy": null,
        "updatedTime": 1510559483639,
        "updatedBy": null
      }, {
        "id": 217555282,
        "sourceVexId": 3527,
        "targetVexId": 338544,
        "weight": null,
        "workflow": "6368_WORK_FLOW_SUB_1",
        "createdTime": 1510559483639,
        "createdBy": null,
        "updatedTime": 1510559483639,
        "updatedBy": null
      }, {
        "id": 217555283,
        "sourceVexId": 3471,
        "targetVexId": 338544,
        "weight": null,
        "workflow": "6368_WORK_FLOW_SUB_1",
        "createdTime": 1510559483639,
        "createdBy": null,
        "updatedTime": 1510559483639,
        "updatedBy": null
      }, {
        "id": 217555284,
        "sourceVexId": 6024,
        "targetVexId": 6368,
        "weight": null,
        "workflow": "6368_WORK_FLOW_SUB_1",
        "createdTime": 1510559483639,
        "createdBy": null,
        "updatedTime": 1510559483639,
        "updatedBy": null
      }, {
        "id": 217555285,
        "sourceVexId": 5868,
        "targetVexId": 6368,
        "weight": null,
        "workflow": "6368_WORK_FLOW_SUB_1",
        "createdTime": 1510559483639,
        "createdBy": null,
        "updatedTime": 1510559483639,
        "updatedBy": null
      }, {
        "id": 217555286,
        "sourceVexId": 338544,
        "targetVexId": 6368,
        "weight": null,
        "workflow": "6368_WORK_FLOW_SUB_1",
        "createdTime": 1510559483639,
        "createdBy": null,
        "updatedTime": 1510559483639,
        "updatedBy": null
      }, {
        "id": 217555287,
        "sourceVexId": 6005,
        "targetVexId": 6368,
        "weight": null,
        "workflow": "6368_WORK_FLOW_SUB_1",
        "createdTime": 1510559483639,
        "createdBy": null,
        "updatedTime": 1510559483639,
        "updatedBy": null
      }, {
        "id": 217555288,
        "sourceVexId": 3484,
        "targetVexId": 6005,
        "weight": null,
        "workflow": "6368_WORK_FLOW_SUB_1",
        "createdTime": 1510559483639,
        "createdBy": null,
        "updatedTime": 1510559483639,
        "updatedBy": null
      }, {
        "id": 217555289,
        "sourceVexId": 1863,
        "targetVexId": 3484,
        "weight": null,
        "workflow": "6368_WORK_FLOW_SUB_1",
        "createdTime": 1510559483639,
        "createdBy": null,
        "updatedTime": 1510559483639,
        "updatedBy": null
      }, {
        "id": 217555290,
        "sourceVexId": 3484,
        "targetVexId": 3484,
        "weight": null,
        "workflow": "6368_WORK_FLOW_SUB_1",
        "createdTime": 1510559483639,
        "createdBy": null,
        "updatedTime": 1510559483639,
        "updatedBy": null
      }, {
        "id": 217555291,
        "sourceVexId": 1993,
        "targetVexId": 6005,
        "weight": null,
        "workflow": "6368_WORK_FLOW_SUB_1",
        "createdTime": 1510559483639,
        "createdBy": null,
        "updatedTime": 1510559483639,
        "updatedBy": null
      }, {
        "id": 217555292,
        "sourceVexId": 2221,
        "targetVexId": 6005,
        "weight": null,
        "workflow": "6368_WORK_FLOW_SUB_1",
        "createdTime": 1510559483640,
        "createdBy": null,
        "updatedTime": 1510559483640,
        "updatedBy": null
      }, {
        "id": 217555293,
        "sourceVexId": 5868,
        "targetVexId": 6005,
        "weight": null,
        "workflow": "6368_WORK_FLOW_SUB_1",
        "createdTime": 1510559483640,
        "createdBy": null,
        "updatedTime": 1510559483640,
        "updatedBy": null
      }, {
        "id": 217555294,
        "sourceVexId": 344950,
        "targetVexId": 6005,
        "weight": null,
        "workflow": "6368_WORK_FLOW_SUB_1",
        "createdTime": 1510559483640,
        "createdBy": null,
        "updatedTime": 1510559483640,
        "updatedBy": null
      }, {
        "id": 217555295,
        "sourceVexId": 6012,
        "targetVexId": 6005,
        "weight": null,
        "workflow": "6368_WORK_FLOW_SUB_1",
        "createdTime": 1510559483640,
        "createdBy": null,
        "updatedTime": 1510559483640,
        "updatedBy": null
      }, {
        "id": 217555296,
        "sourceVexId": 3471,
        "targetVexId": 6005,
        "weight": null,
        "workflow": "6368_WORK_FLOW_SUB_1",
        "createdTime": 1510559483640,
        "createdBy": null,
        "updatedTime": 1510559483640,
        "updatedBy": null
      }, {
        "id": 217555297,
        "sourceVexId": 6005,
        "targetVexId": 6005,
        "weight": null,
        "workflow": "6368_WORK_FLOW_SUB_1",
        "createdTime": 1510559483640,
        "createdBy": null,
        "updatedTime": 1510559483640,
        "updatedBy": null
      }, {
        "id": 217555298,
        "sourceVexId": 3486,
        "targetVexId": 6005,
        "weight": null,
        "workflow": "6368_WORK_FLOW_SUB_1",
        "createdTime": 1510559483640,
        "createdBy": null,
        "updatedTime": 1510559483640,
        "updatedBy": null
      }, {
        "id": 217555299,
        "sourceVexId": 3527,
        "targetVexId": 6005,
        "weight": null,
        "workflow": "6368_WORK_FLOW_SUB_1",
        "createdTime": 1510559483640,
        "createdBy": null,
        "updatedTime": 1510559483640,
        "updatedBy": null
      }, {
        "id": 217555300,
        "sourceVexId": 6353,
        "targetVexId": 6005,
        "weight": null,
        "workflow": "6368_WORK_FLOW_SUB_1",
        "createdTime": 1510559483640,
        "createdBy": null,
        "updatedTime": 1510559483640,
        "updatedBy": null
      }, {
        "id": 217555301,
        "sourceVexId": 6353,
        "targetVexId": 6353,
        "weight": null,
        "workflow": "6368_WORK_FLOW_SUB_1",
        "createdTime": 1510559483640,
        "createdBy": null,
        "updatedTime": 1510559483640,
        "updatedBy": null
      }, {
        "id": 217555302,
        "sourceVexId": 5536,
        "targetVexId": 6353,
        "weight": null,
        "workflow": "6368_WORK_FLOW_SUB_1",
        "createdTime": 1510559483641,
        "createdBy": null,
        "updatedTime": 1510559483641,
        "updatedBy": null
      }, {
        "id": 217555303,
        "sourceVexId": 1985,
        "targetVexId": 6005,
        "weight": null,
        "workflow": "6368_WORK_FLOW_SUB_1",
        "createdTime": 1510559483641,
        "createdBy": null,
        "updatedTime": 1510559483641,
        "updatedBy": null
      }, {
        "id": 217555304,
        "sourceVexId": 2314,
        "targetVexId": 6005,
        "weight": null,
        "workflow": "6368_WORK_FLOW_SUB_1",
        "createdTime": 1510559483641,
        "createdBy": null,
        "updatedTime": 1510559483641,
        "updatedBy": null
      }, {
        "id": 217555305,
        "sourceVexId": 2639,
        "targetVexId": 6005,
        "weight": null,
        "workflow": "6368_WORK_FLOW_SUB_1",
        "createdTime": 1510559483641,
        "createdBy": null,
        "updatedTime": 1510559483641,
        "updatedBy": null
      }, {
        "id": 217555306,
        "sourceVexId": 345272,
        "targetVexId": 6005,
        "weight": null,
        "workflow": "6368_WORK_FLOW_SUB_1",
        "createdTime": 1510559483641,
        "createdBy": null,
        "updatedTime": 1510559483641,
        "updatedBy": null
      }, {
        "id": 217555307,
        "sourceVexId": 6387,
        "targetVexId": 6005,
        "weight": null,
        "workflow": "6368_WORK_FLOW_SUB_1",
        "createdTime": 1510559483641,
        "createdBy": null,
        "updatedTime": 1510559483641,
        "updatedBy": null
      }, {
        "id": 217555308,
        "sourceVexId": 5902,
        "targetVexId": 6387,
        "weight": null,
        "workflow": "6368_WORK_FLOW_SUB_1",
        "createdTime": 1510559483641,
        "createdBy": null,
        "updatedTime": 1510559483641,
        "updatedBy": null
      }, {
        "id": 217555309,
        "sourceVexId": 5901,
        "targetVexId": 6387,
        "weight": null,
        "workflow": "6368_WORK_FLOW_SUB_1",
        "createdTime": 1510559483641,
        "createdBy": null,
        "updatedTime": 1510559483641,
        "updatedBy": null
      }, {
        "id": 217555310,
        "sourceVexId": 350365,
        "targetVexId": 6387,
        "weight": null,
        "workflow": "6368_WORK_FLOW_SUB_1",
        "createdTime": 1510559483641,
        "createdBy": null,
        "updatedTime": 1510559483641,
        "updatedBy": null
      }, {
        "id": 217555311,
        "sourceVexId": 5536,
        "targetVexId": 6005,
        "weight": null,
        "workflow": "6368_WORK_FLOW_SUB_1",
        "createdTime": 1510559483641,
        "createdBy": null,
        "updatedTime": 1510559483641,
        "updatedBy": null
      }, {
        "id": 217555312,
        "sourceVexId": 7965,
        "targetVexId": 6368,
        "weight": null,
        "workflow": "6368_WORK_FLOW_SUB_1",
        "createdTime": 1510559483641,
        "createdBy": null,
        "updatedTime": 1510559483641,
        "updatedBy": null
      }, {
        "id": 217555313,
        "sourceVexId": 350366,
        "targetVexId": 6368,
        "weight": null,
        "workflow": "6368_WORK_FLOW_SUB_1",
        "createdTime": 1510559483641,
        "createdBy": null,
        "updatedTime": 1510559483641,
        "updatedBy": null
      }, {
        "id": 217555314,
        "sourceVexId": 8069,
        "targetVexId": 6368,
        "weight": null,
        "workflow": "6368_WORK_FLOW_SUB_1",
        "createdTime": 1510559483641,
        "createdBy": null,
        "updatedTime": 1510559483641,
        "updatedBy": null
      }, {
        "id": 217555315,
        "sourceVexId": 6353,
        "targetVexId": 6368,
        "weight": null,
        "workflow": "6368_WORK_FLOW_SUB_1",
        "createdTime": 1510559483642,
        "createdBy": null,
        "updatedTime": 1510559483642,
        "updatedBy": null
      }]
    },
    "err": 0,
    "msg": null
  }